filename,raw_url,yahoo_img_url,title
プログラミング_1,https://qureo.jp/class/blog/blog-9832,https://msp.c.yimg.jp/images/v2/FUTi93tXq405grZVGgDqG9yQ9eulHc2uvDsFkIDks2hJtoYkLng3pC9mtaL3daz5v5ZW0IEnuHJLYwoITihW-7k2wRgsaeSUFiVAjsUqJ6o5NkjbtfMfTHGRRJV8n5X-fmsetkADDq8w_BS7lkL33dCk3YeIijvgJOheZbf5-IV8nk2NUZ99L47KxlVsI9rjC5B7YXIB63diy4EXPjFnHIbSDJDVgoulJVISamY78Iwum-4XZ1NewTHmicNX9DlU4aadv1TA-4naWRfA_yXEUP9bhAsCPF8VE2AcfkVjdEuDVmz9H9sldPDcowFSns55UXH-bP0Cbq-CpFn1dLPNHAdN_Gj18JQ05s_LYDc05dmrfgArvZ8g4m0ehQW_070DlwgfKnC2HmyVr4EVpGLvZKX2vcw75jZJJ2Qlz1vtxmRukVW6rpiHXN5wTFWDD1ngTr7QVIEXtk_D0g0rV2q1FnQJuwiW1C2rWoL4j4Ed8rJl184pj76gEy7cd8E4KvB0c-0VQPwZeESlcyCMZYqIqTNsbTzGbeFzLCMP9iP-X1fD08n90ZT6g6Sj_xQVlwnpKbyN48c3sGZExMSVsoBNdP9bhAsCPF8VE2AcfkVjdEtj9TM5zflRLLTvU1qrKy-0lDik5GhtDfpnVeKL8E94yp28OPquuTCiwRZDqoAyVfT1e8OBfAAWMpdLemSfNCb5rtvQGdN0sJvM-MC0TacXuA2Ycm_Zx_TOBZLXvYlpOYV-rdmS-JDkd7d-jpzP83NdXzbcloxBc69Co7zxP-jG3D9-qU4RKtWZ0zdVVK6w7dy1pH2ED_RTIwjAnBGD3QA7Krx6qrQY0PyTlYSq3B-IuRTQQbzQ0p4caWkyaSELo94=/E38395E3829AE383ADE382AFE38299E383A9E3839FE383B3E382AFE38299E381A8E381AFEFBC9FE6848FE591B3E38284E59FBAE7A48EE79FA5E8AD98E38292E58886E3818BE3828AE38284E38199E3818FE8AAACE6988EEFBC81.jpg,プログラミングとは？プログラミングの意味や基礎知識を分かり ...
プログラミング_2,https://online.dhw.co.jp/kuritama/about-programming/,https://msp.c.yimg.jp/images/v2/FUTi93tXq405grZVGgDqGyIl_tKQi57JBRa9ONAywyxljafLVo3MDVvf63q0rPYNiR8iq4CX0FbX4WS8DxfFNBnNEjq8N3mdxNcMOvK9iXFFdePRVNP-2Kna2uCpB3t0q9UebV7RR4DCn8ZD87VDP98U33kl4Xdb70ATaOZHe7jBMoPYG-HUNRZF1x8CDzGsy-Ij8CrYkQpp5pB2_lheaIH_QYZecdTV2ByUR4HWSc58sZv5YCy3kfPXOGaVQYTdqRgHD4taC3QhlZ9_0SZIiUBA3SAq3B8oGGSoYHs45GFn8cMuB9a0U5ChRMiHXrAVMRroMxSU00-5G1Zeo3bX0Q==/markus-spiske-cvBBO4PzWPg-unsplash.jpeg,プログラミングとは？用語の意味や仕組み、活用事例を紹介 ...
プログラミング_3,https://postd.cc/the-language-of-programming/,https://msp.c.yimg.jp/images/v2/FUTi93tXq405grZVGgDqG3LhZrlqvZUizcqnCRHsU6aQACSwYqIuW-N3eY9zonbh-F_gHFTsEdU3spV6z6Suc50MFVvofweSrLFYSHDai6lgKz11ESXY4qyDPqZzH85To8LKF6AjTRFPEJVogbdhDv4mxuUZYmlqg83lCUvBzGt3ZThxQVSSX3ufNQ7XrTK6P9BRdGb6MY4vF0HYTZemqhRhJR_6FJBg2o9TlDSLZbYhiCXvT_IDjxurgqlTOixpJZaFZ75QA87s8X_K5owd1WFhQYmA9QMcD39Fw7xSigg=/govnokod-1-500x699.png,プログラミング言語について | POSTD
プログラミング_4,https://coeteco.jp/articles/10004,https://msp.c.yimg.jp/images/v2/FUTi93tXq405grZVGgDqG5Dgw02U19OMFO0bgyxeMMCp0KvmwLSdrqV9H81RLrskTk8tg8QHexE7_Lh9dzjyHyC14E7NVG-lsj1FSywod1VINaMWL13kW-r_LZDlT4fNZKidb5g8pgIjtsrAwG3DVMXytxDShdjGZggxRxq3a-ZYoMMxmdG7Q_bA0-c1fj-xUy-ai98EATJRskTWUgJwBoE0dxd5BDKI0PxrnHvlm_UqQimF7-wK4ApSweoJO2Z8q7OzYFeEyMu7_Wwl2_rv_aHe3iRx-vgLU_7JSwoGAvm6ItIQWjkOuLlMjf7qttAvzyUFX3tJ_2FbORSufDRAFqFwLUoBlfpck-lOmldj_8YM_QD1P-o7YPgFUjfn8uOxTNj65nTiqkoOg-YjLhO6ct8km_ySGQflRUGDwUDvoDt7902jtjDkTGHTOo2PMN6SIkmRlYSxjvbAOKcXBZzLWhTQQbzQ0p4caWkyaSELo94=/9f1c6367af653a042fddba774cb3a783e55d29579d40b7caac134959e0e0,小さいころからプログラミングを学ぶメリットとは？早期教育に ...
プログラミング_5,https://toyokeizai.net/articles/-/541683,https://msp.c.yimg.jp/images/v2/FUTi93tXq405grZVGgDqGzgbrsxmpZmVZTCEdr91bvG6Lkt8zUN8Hgl68jeNi7-mUvhV4WF0P5OE3uj-eTVgsPw8H7u0h0f3USmOoCzz1ZmhITO16IgmjXKXVuwDk_TIMBBc64LSlPN1V8AKzEdUb67b0BnTdLCbzPjAtE2nF7gNmHJv2cf0zgWS172JaTmFfq3ZkviQ5He3fo6cz_NzXQbsY2C7T2cCITBLp-5uRt-dduezlGaIl7u4BbXN_bmAfYwC7ZyvgWajTY93LtRpvijQSgBlyZdz36WslIxza2T1gM4HpzZr4eq_7h8pzvWy/img_14abb5f1302621eb36e7a35877aad2cd157932.jpg,学校で習うプログラミングとは？基本知識や言語の種類について ...
プログラミング_6,https://techme.jp/,https://msp.c.yimg.jp/images/v2/FUTi93tXq405grZVGgDqG2_6YkkJtSmf8Rzy525TqG1f1AOZJYyYoK2rEYlNWWG-L0k_DcYIQpge4kvXkBF2Yysx_7GXPSNWzzKLmRECKhau29AZ03Swm8z4wLRNpxe4DZhyb9nH9M4Fkte9iWk5hX6t2ZL4kOR3t36OnM_zc13juijgK20Pc7O0iCMavlwQBd6UIXjQ4lRIi5biXkKZYdd9dffnpGXuctEwqAo961hEwX79rkbXDg96nJj5Trxa9YDOB6c2a-Hqv-4fKc71sg==/pixta_29780628_L202.jpg,プログラミングのスポット相談|TechMe
プログラミング_7,https://qureo.jp/class/blog/blog-13802,https://msp.c.yimg.jp/images/v2/FUTi93tXq405grZVGgDqG9yQ9eulHc2uvDsFkIDks2hJtoYkLng3pC9mtaL3daz5N9YStdTBkKSGlKZnPac26Hewci9UG2FxsF7vAsg8yYuzfAUpy6hCzNGIhQzNeh3ULP7UNvIzV5kHL8hqrbFdc885nUlnLVR1i6PdYoqY1tgsAcPkkKOmJQ5M4O55z8cBSrOIb74hC735APTQwch577nIGXvL5Xb3kBd306ZtJN8IdPg849LO5pfMhRBhNffSU4d5zDZ-akIn2AwPnvhCrdTPa81ykriHOK4XIz1cu-Qs-pJjtKTUnIgs4EnuzBduX93m_nUEcVew3PDz9lHuPw==/NO25_E794BBE5838FE291A0-1.jpeg,プログラミングのソースコードとは？ 初心者に向けて用語の意味 ...
プログラミング_8,https://www.asahi.com/edua/article/13976353,https://msp.c.yimg.jp/images/v2/FUTi93tXq405grZVGgDqGzbOx8_FpQLn2cF-kdnfsfH7pbWt_ldaSzC7IpfiblhjBgDKE8uGZvQfHzHk-CHHwKEoI7fHC7hW5fEsVeRK2dQ8RRwG7hbCkCS9nFLEbmcEyMv_-E2NzTeqPknqtGQ8s3dF0YL0tXZFM7E6dcgzACyAQoZS0yY8OiztkD6wFCZDpp4QeLJJv_8FCsuGuzwPF6DwLtWor8vl9ORLFPI_f3gwfLnEt5VRTjrGMG5ggH8B4eDqT2CY794qPQGQEqbbMy3yuSc4QlqRgOF5zNcpP0OV8HGPLaAeNNEOnzsdAlcy8o6zQcPYl1uIAxkvjQDVUg==/6a30c7aa229ef8359a1a37b6049485f3.jpg,子ども向けプログラミング言語「Scratch」とは 専門家と現役 ...
プログラミング_9,https://www.itra.co.jp/webmedia/programming_language_ranking.html,https://msp.c.yimg.jp/images/v2/FUTi93tXq405grZVGgDqG0kL9V0NcL1kOovw6g_K9SB6wAO9wgLzKmTQtnIiSSS3ZFbH1tPSx0wE0g6BBpyyQMXc2ZrquDZiFJCwYKkfEmEX8AX3qh-9DSXgfibyHETgrtvQGdN0sJvM-MC0TacXuA2Ycm_Zx_TOBZLXvYlpOYV-rdmS-JDkd7d-jpzP83Nd7gzqkB710AsYpwYApkhl2uYY5M_6s85WZfaxOlnDdxMaxKdcj9HqlecdUbkP2L1X-htUHI_Y2tpHZpv5VDDKOPWAzgenNmvh6r_uHynO9bI=/20200811123016.jpeg,2020年】プログラミング言語ランキング！日本と世界で人気な言語 ...
プログラミング_10,https://litpla.com/news/20200330_academia_online/,https://msp.c.yimg.jp/images/v2/FUTi93tXq405grZVGgDqG50rshEI9Tc6AIUebgWU7voQiiVXvDtfRLGDrYGK6Wfc94hZknidq5cWCfaDwhpZkGq9vHwQiAWnJYPaSDrt3SHdrxaNdgMsEZe9JJy6Tl_DrtvQGdN0sJvM-MC0TacXuA2Ycm_Zx_TOBZLXvYlpOYV-rdmS-JDkd7d-jpzP83NdcSDqPgizrelcJwXRUJjhwUXn3oJlByXUnAeZw2msqBwQbNOqZdJFLY3qbjPNrRR_ud-d-tqME3b8bXTxi-K58PWAzgenNmvh6r_uHynO9bI=/academiaOL_img.jpg,自宅で手軽にプログラミング体験！「Scratch」を使ったゲーム ...
プログラミング_11,https://www.acrovision.jp/career/?p=2575,https://msp.c.yimg.jp/images/v2/FUTi93tXq405grZVGgDqG33QkZMR9xFp9PDSTadNj6OpyNgj1hPv4l5MBLkgNyZawbu4zRzogkOpsAzrpyzJhJG0bVQOk5FIaQIX9sN2DE9n__icCOJqvIN-Ywd3lrk1axFzl4srUK2H_JT-CuXjET2Sgh-fzUMbS-KsVGMRU83vzo0b8iXdOR_Yc3FF9FhJowXSAy40ok7EPhi-bjYYDXJuYmbJjSABQcg5aFsP22WnGTpN24P6Y4uT4xKyxRFmuZaeGRigcNFfUnqf_uqN7XJezuOU3mWoOMB-6PsaJ4fZFX7FHoC0im0byMRPS4K3GjD9tJ80Riockx4tD2QkEeAkqlNYdPKtB0kPQhryeMcdPnC-OHNjL6vSOzTgEJC52Ck0f83mXcMqmbM1O3ydnQ==/photo-1515879218367-8466d910aaa4,プログラミングのレベルを3段階別に解説｜仕事に活かせるレベル ...
プログラミング_12,https://www.todaishimbun.org/programming20201124/,https://msp.c.yimg.jp/images/v2/FUTi93tXq405grZVGgDqGw-_4b9zh_udttCJiJ4I11BPexjxlh2MmX0tTWnRKxP_0cW6Y8MtoHk7llzATicOpm0d8rCwUf0ApBTK_Yj_fbHTRKhHUcoh37tUu7I82WC3XkAiQXm5-tq80nFwRNJdVDJmc0R2I61hIZSiBRzUV-8yujkacz3-zhaQ-NJ_zN_sy0cgE1wElJaeNcwQ2Y2g5MdCmqb_tA7TjVRrmPyoq1XG6HkKxAzGvermdJZSBtD68ukBu6uII6_qp80vkMu_x0QyGG2B85jxpnEUJc1gwdOM9PpHSoUytbxswQu3_MFA/3753817_l-1024x683.jpg,プログラミング、学んだ先に何がある？ 〜学習の意義や魅力 ...
プログラミング_13,https://udemy.benesse.co.jp/development/system/programming-introduction.html,https://msp.c.yimg.jp/images/v2/FUTi93tXq405grZVGgDqG7if2RERXIFruMtOMN5dOmg2_TLtspBM2DB31i__JaT58xPhvOOa8YokQ0h9FkFsJuTZQgJZumXmDxEVG4TNvegsAcPkkKOmJQ5M4O55z8cBSrOIb74hC735APTQwch577nIGXvL5Xb3kBd306ZtJN8IdPg849LO5pfMhRBhNffSrW_8IT8Ug94HYdRfGmDAbO20n1kHm5adn6bNA57WUyzoS6RCBaDj9leZxNZpYS-g1uirhqzXNl1zZp1rOZ1RFg==/pro1.jpg,プログラミング入門】必要な環境や学び方、おすす…｜Udemy メディア
プログラミング_14,https://miraie-group.jp/sees/article/detail/programming_gengo_shurui,https://msp.c.yimg.jp/images/v2/FUTi93tXq405grZVGgDqG0NDRK2HVBJnTHPxrLC46tUWyXxR1pjc8DoGyLqDKZHaOG294-oCB6msNKXWDGuofla4crm6y-zwSZWTMqbsqr5oVT-XE6nW7vwa_aCB4MKIuajtYpV2jugSn4-Rysh0KEaVyPM2oMOzO7OqapMlEaA9x2d053i6yqs_-C4nX2J5mccrn3nn-eS7Wx-zgNy5oVwBKV_l2dBFBe7ZOHMRrd1aa7NZUa_dIdUxYCJHB4pdZ389Hr408gP9w62NNU6xwSTi3Qtz7Kv7yADv2B24P1_asxvnqv0ocBCGo849Odp4/GRJCXYo7vsUP7c3DR0k4ab4bi5x5GhZC9kft0sC4.webp,プログラミング言語の種類や特徴について｜分類や年収についても ...
プログラミング_15,https://www.huffingtonpost.jp/techcrunch-japan/program_b_10014552.html,https://msp.c.yimg.jp/images/v2/FUTi93tXq405grZVGgDqG-k-1_c5wXRAf5ccEUdvFsoOw2xaTCw7jfiCqaEsfcvX-aLE5drUXhODZybHxyYALSNNLk3RvYxwR1Vy3sn3SLuCVxmFFdGaTdEaIW01ytZx4XnQbJkJutTVzR-ecLop4PF6SRVIsJ_NbxYiLv_-eMn-jO3iN4wLtyHYDxKaqgBiTiurRrSMZew9xAniFKagn3s3dayHIEhnZSuj5ftsZtu36FJHh3AGneda8NKuxfBZP_wJdODItrB0y-OtB7dsO42516AheiN6h9lFQGvCX1FOSu-6ZfuNzVH6EFIdLqzn/5c63485e2400007002a1fe45.jpeg,頼むからプログラミングを学ばないでくれ | ハフポスト NEWS
プログラミング_16,https://kidscodeclub.jp/cha3/,https://msp.c.yimg.jp/images/v2/FUTi93tXq405grZVGgDqG5wS-TZAmLWobpP2csE5GCCDOAm5DpKgpUNULp4Tbdd79RxveRTCQBWTnue0EbUy-EIOVQ7cKOq4nF0OwAXNyrBX0-gKnSbp4KuB2RSCTsbowTKD2Bvh1DUWRdcfAg8xrMviI_Aq2JEKaeaQdv5YXmiB_0GGXnHU1dgclEeB1knOfLGb-WAst5Hz1zhmlUGE3ZgQJnQceWUss2W9DoaD8Ue7H-zZhKkpUUQTetK1mna4BPhpxPnhUrOEaMt4O3YlH6LlreSAez5y9HdVGWIde48=/06.png,無料でできる！子どもプログラミングのはじめかた - 一般社団 ...
プログラミング_17,https://game.watch.impress.co.jp/docs/review/rev1/1328694.html,https://msp.c.yimg.jp/images/v2/FUTi93tXq405grZVGgDqG91u3BflEjcIEZ5hfFIgIb1shtjl36bW_BQH7v_bi-tuaeFeFREfRL6N3P_Aim8o7GA-R6eMaSQSEKp5EIIJx7veQ6Qe53rUmVZ2EWd6QCeIwTKD2Bvh1DUWRdcfAg8xrMviI_Aq2JEKaeaQdv5YXmiB_0GGXnHU1dgclEeB1knOfLGb-WAst5Hz1zhmlUGE3a3MwYLDE4qzSM_Eqq81cy-nAMtwDEB9LsBR6W7FC9vmlPAM6_RzCAl7gygAwfhcKrGfWglRLI0ixAJavH-Nxas=/title.jpg,ナビつき！ つくってわかる はじめてゲームプログラミング ...
プログラミング_18,https://www.asahi.com/edua/article/13342787,https://msp.c.yimg.jp/images/v2/FUTi93tXq405grZVGgDqGzbOx8_FpQLn2cF-kdnfsfH7pbWt_ldaSzC7Ipfiblhjth6cPVaEE_yDLry5Fit7H1pGhUaDDNlgDhHaoda_iUifPo2DmsRaGVBb8pdbcAs4xvP49BxBZuQjhRPsHdjPC3dF0YL0tXZFM7E6dcgzACyAQoZS0yY8OiztkD6wFCZDpp4QeLJJv_8FCsuGuzwPF6DwLtWor8vl9ORLFPI_f3j-zGxAK7BJF0datEO2a7C2rtFjdsYfNNSOg1Tjh32GezRdhgk2n6Obe08J1tEIdYJUvrr_pGGIBJV29GrffJoq8o6zQcPYl1uIAxkvjQDVUg==/147973670fce6acf6656e3cfed69c3ab.jpg,プログラミング教育必修化、子どもの将来にどう関わる ...
プログラミング_19,https://kyoin.co.jp/column/programming-education/,https://msp.c.yimg.jp/images/v2/FUTi93tXq405grZVGgDqGwdwvdUCMuXIXJxtkvxqm6BdbN0NdPBJs5sJS8ehRfMs5b9UG-chcGcHJnagxcbw3YVU0LClU66apktDMla8LSA-IjXA3832UrVEioK_rNor1l90jQtE3zLIxYNIWwrcnq7b0BnTdLCbzPjAtE2nF7gNmHJv2cf0zgWS172JaTmFfq3ZkviQ5He3fo6cz_NzXXEg6j4Is63pXCcF0VCY4cE-hirH-13juzLb0Nj_hpl02U1wJdANBZhMcvREOYnEqtUPMeIVuqcmj4r2Uks2VR_1gM4HpzZr4eq_7h8pzvWy/programming-education04,プログラミング教育とは？必修化された目的や内容、問題点を解説 ...
プログラミング_20,https://dime.jp/genre/1082126/,https://msp.c.yimg.jp/images/v2/FUTi93tXq405grZVGgDqG6GabjxuJPc8YrD8yz1c9hEbWUjTibS2C2gNG5t3D49QPcYAQh_vXtDo510lROVwcw8QjHrcBk90mekcvM88_7MwqsQhnkEOiLe4RwrgjEIeaE4-W9uPEB76D8ZD-3inzOxrYG5tFG5kVMAHJXNVkDgUUjQfrSz3EoTjCHnQc5VLy081uZa8lDuwdcy3vRMShjbc7yY-yAy1EGV46qzb1jbTMnC48hbCiqRNcjOYCnZRTuoWjQkxLRlCuIjGblNa0DYW1hlm1ApxpQ10zAhYgpk=/ea580fc5b8136f6da259d17b18e5d718.png,ITエンジニアに聞いた今年学びたいプログラミング言語TOP3、3位 ...
プログラミング_21,https://startupcafe-ku.osaka/journal/column/2146/,https://msp.c.yimg.jp/images/v2/FUTi93tXq405grZVGgDqG8CuYLcN3JR4QlOXvPX1M4wPacb4VJfGsaclNhOdXtxNy4iZTldufLUyozbcCsSNUXUJBRM38RmxvkjS6CcQwYo8cNqOfIha6GvHaWkRMLG4ZeTOrB3z30hZWvUR5V8g70UvaIFq8rqx8tixUN4U3PyVmVndCl4wdjiK1L0oRgfrzyUFX3tJ_2FbORSufDRAFqFwLUoBlfpck-lOmldj_8YM_QD1P-o7YPgFUjfn8uOx2fn62KOG9FjXye8Hh0-JxiiVa1SNzepPeRw6UN5yHcex_L1j6sCFvO1gzH3JAxto-W6koB332LDAaVcLl8VibRTQQbzQ0p4caWkyaSELo94=/florian-olivo-4hbJ-eymZ1o-unsplash-1200-1024x683.jpg,わかりやすく解説！プログラミング言語の違い | スタートアップ ...
プログラミング_22,https://coachtech.site/lab/911/,https://msp.c.yimg.jp/images/v2/FUTi93tXq405grZVGgDqGwwqKUTvugMi00Bmu55ZBpO9rl9BJB91Dv9F349FV7BhfX-F4Ufx3W3bF2P4_sXJ0l-rz34gGCtHdMYGva-TMqqvbHs5A6Lf2-e6bAOwIZERGPy0FQ3KTZmvw-n9S15wRrOe8AV5vZ746oPG84Tu1DvThR_j2qOxfsaWMCQ6XExqzqW5CpYHfhWq5WDpdcrdGHwF0SeANaZXi0yWGC3gc2Ktb567l3p3ijfh6XNfjdlgwTKD2Bvh1DUWRdcfAg8xrMviI_Aq2JEKaeaQdv5YXmiB_0GGXnHU1dgclEeB1knOfLGb-WAst5Hz1zhmlUGE3fb9vPx1todv4Wqa1MBxbqOrd8r7HlAvaYcgqQf_6V48rfdqswohgIrFuwyqlo2A5kgrrNc-pTlp3KcwAmIKEaU=/Uc0an13NcjD-7Au6zp6eENms3dun0XMgsg_-sO4Qb-Nq___T912fcjwdTHTgrjD9K6wSCkneF9rcKgluRN2fP13mXfjtMdW6mgZUqX5V5PpKfYx-03DnP_3_cxoDgc6jjlsObYya,プログラミングが学べる学部を紹介。大学で最新技術を身に付け ...
プログラミング_23,https://coeteco.jp/articles/10277,https://msp.c.yimg.jp/images/v2/FUTi93tXq405grZVGgDqG5Dgw02U19OMFO0bgyxeMMCp0KvmwLSdrqV9H81RLrskTk8tg8QHexE7_Lh9dzjyH3G_ysWXzFgTTLXt4cCbcgryM4TTqzHF4qb9z7bl1GtrEnPElAh-F88l1z2ChCRxsfNnTOGigpTNGS5v8Bd2CaZTL5qL3wQBMlGyRNZSAnAGF3UQ2T32oJFYopQeHdZz-ZSMXdVp_KVtJiLqXZXVhmeTM1L17WrrvZzuw0GL-uz2YBCEOEnmw0PgaK7so6xwmWIHHtIMunpi3lA1iR6XcsrPJQVfe0n_YVs5FK58NEAWoXAtSgGV-lyT6U6aV2P_xgz9APU_6jtg-AVSN-fy47HZ-frYo4b0WNfJ7weHT4nGyFd5kSnB2FCu5X0Owt3or_ZCH1Pf041XI_NURcIufoSipZ40xGMoHxB1Ut9fUwBCRqSXq6AEjuisDzl22ifVbQ==/81f2f378c2c649e80b9947838e0046f6954680ce0181ff34a9f817b02982,プログラミング的思考とは | なぜ必要？家庭でできる対策は ...
プログラミング_24,https://e-words.jp/w/%E3%83%97%E3%83%AD%E3%82%B0%E3%83%A9%E3%83%9F%E3%83%B3%E3%82%B0%E8%A8%80%E8%AA%9E.html,https://msp.c.yimg.jp/images/v2/FUTi93tXq405grZVGgDqG06pwzunABPSs5Pn-_B7weqVBr3MWR07f3rPfKxNP4lbyCpVqYm7i6AYyLGPNGzY1vF6SRVIsJ_NbxYiLv_-eMn-jO3iN4wLtyHYDxKaqgBiTiurRrSMZew9xAniFKagn3s3dayHIEhnZSuj5ftsZttd_xlloYBT3FXKsuouhHh5z8Xd8iAwwZABOBc80yI0D2p8fhMcC2aSFtDA9X7Jit62Y7XyHQT7B-Ua-BGOMbU_/Programming-Language.jpg,プログラミング言語とは - 意味をわかりやすく - IT用語辞典 e-Words
プログラミング_25,https://n-jr.jp/net_course/curriculum/programming/,https://msp.c.yimg.jp/images/v2/FUTi93tXq405grZVGgDqG9i-U5tDcKdR_M7PHUo_eR4LnnYSjWUsaEXeJ9XQCzXojlkMHY0axupeNHEbLTCUm9fLrqzz_TDlO0_oh3iz7bAaqHbh_YzgqZ7aQfVqReAcFLNRb-ocD06SUid380YS267b0BnTdLCbzPjAtE2nF7gNmHJv2cf0zgWS172JaTmFfq3ZkviQ5He3fo6cz_NzXdCxI4Rfnc6w-NTiAPviHSLkan3wHx6tyegnTiGRyHTwkqFtKqxu_xFaXBc89Xgq5WxzAFsTt-bGRcQ9BBoIcRf1gM4HpzZr4eq_7h8pzvWy/mv.jpg,プログラミング学習 | N中等部
プログラミング_26,https://mynavi-agent.jp/it/geekroid/2019/05/post-81.html,https://msp.c.yimg.jp/images/v2/FUTi93tXq405grZVGgDqG_rdOcSlY78Wd8cjQVKW-InzwGaHLyYGly75BDe-ifWpLsy3J1AOT7WxSGcV5O4s6FmaZh0NmLOBpS3U_GUmUdiu29AZ03Swm8z4wLRNpxe4DZhyb9nH9M4Fkte9iWk5hX6t2ZL4kOR3t36OnM_zc13ZCldzNbqbhDq8v-Z5cabid0EqHInEoDEOaw8hXgRet6zWF9oFVgHb6eezPWvLqOwQmAMZ9N0Y01e0ksBMKQqPFNBBvNDSnhxpaTJpIQuj3g==/post81_mainv.jpg,子どもから大人まで！プログラミング学習ゲームで楽しく学ぶ ...
プログラミング_27,https://whitebox.vision/%E3%83%97%E3%83%AD%E3%82%B0%E3%83%A9%E3%83%9F%E3%83%B3%E3%82%B0%E5%85%A5%E9%96%80%E8%80%85%E3%81%AF%E4%BA%8C%E5%BA%A6%E6%AD%BB%E3%81%AC/,https://msp.c.yimg.jp/images/v2/FUTi93tXq405grZVGgDqGx_WTQv79WC6-7lbWS7t4dZsHZ7vc7K13PhIpCeTJavI0cW6Y8MtoHk7llzATicOpmjNqgQ60tgsOb7q9VJvU4DZE5odGM65iU9hfqXAg6Jco8LKF6AjTRFPEJVogbdhDv4mxuUZYmlqg83lCUvBzGt3ZThxQVSSX3ufNQ7XrTK6P9BRdGb6MY4vF0HYTZemqpK4pb5SXZt3LfK6i1PzEUw9ncFXn8erzsYedRkAKg19dxtnU-2yK_aQtD55a6P-rk_AmMVtDLYbGsT8YGbeS_4=/3145985_s-1.jpg,プログラミング入門者は二度死ぬ - ０円で使えるSES・受託向け ...
プログラミング_28,https://www.itmedia.co.jp/business/articles/2207/29/news192.html,https://msp.c.yimg.jp/images/v2/FUTi93tXq405grZVGgDqG3FisvduuMUvYIJApvy0wL73YMDBsaeIr1_xGM-gbqv1MPJrxombmkntXoE9JhUIrm5O86W7hRk_JQL0789-WOd240wCELPNB4FRaZw3GJiSU_SGE4oTRZXTbGnwI59IPykbkqjKswAjuBVYiRiTks6Vzua3c4MjoDAwngCiK_6XWFV00-fwYkXUln6Fj_cpyFki-x9UzBFMnk0gjQ08ZKYtIUcOK_yvCUYcWKSiVuA0Bm36k1rj7mrbxwdS5JsO1p5MlDQ0PDE4oGG_ttKnjlT1gM4HpzZr4eq_7h8pzvWy/kh_2207programming_03.jpg,将来性が高いプログラミング言語 2位「Java」、1位は？：現役 ...
プログラミング_29,https://progra.org/blog/108/,https://msp.c.yimg.jp/images/v2/FUTi93tXq405grZVGgDqG1DOCoFdjj0tRkJuk0LWNmbqa8deHeZDz8xzNwfQTSgoXS5qiryLqIKrTm6TCuFuibQS-TFaf_3bjTkLTEnoLbAggfheT3VZvQQXUlSp7XonFW8qCg9JccEDAkW7qgTayoAgOERmond4rce8jpRphSmrlg_CZut-1eRwx49pFTf5WmTY65zHCoxIJ4QHhXdBsPB317pC12xx8kYwSL99cn-SAPEoQn-E51woF7vbUmhRdM8w2AYMOdPBOS_RSEmgjA==/50169707237_b1a20a05c5_b.jpg,小・中学生のプログラミング学習目線でプログラミング言語を解説 ...
プログラミング_30,https://www.kurume-it.ac.jp/style/programming-exam,https://msp.c.yimg.jp/images/v2/FUTi93tXq405grZVGgDqG-i6UccOPQ4gjgIlV8hxfjSKYi1Os2NoHLPI5ln0fpbMddtrnLBqUTDFx2qpz8tm0GeL_p9yqCdDpNxjLYnryzV-HDfNAowM-BO_augRervZdpnTElgNHf1QPXbtQG6TmOzPMJtkQ1PNr5iBTdT7-EWFbFqaVzd9RVCmD05WOvPtFDHRXu1-6NOyi5Cqr4mD4hpO2daJUW8yZ49BGN7xxmPkm3DhaTSZoPwCM-d1nh-iTukB-ZDb_rBzO0tzIIxUId9G1qB_S9Bn0lxx1dfZ4alMohC_NCStb0HFz1DfLD1M/code-1839406_1280-718x479.jpg,大学入試の試験科目にプログラミング？情報科目が追加される背景 ...
プログラミング_31,https://puyo.sega.jp/program_2020/,https://msp.c.yimg.jp/images/v2/tpvPBYOX1wpNVI1UoNSgEjHk7BlzK4cRef3YX-qYvoxEk0xZRG_iCzX5LYARIt4lrAKSTeVgC2mQW4X3U81Q6_iH23KbyHTwvKjq2bH0RxuMEFK9rj0Y7LLyCqdJczYeXGj0Z3M2WZIW-mJveG3_f1YGFhH6RqTC_q1eFRk5JI0vr_6r-P8iXrCWNWBivuitwVdBtp_CdTju2N4Dy-DHEBB8TAphxhAiPgoFBokFhtcMpySJw9eDcissTJFBgN0uBAgkLmvNPfMGmaFg4yJXTQ==/facebook02.jpg,公式】ぷよぷよeスポーツ×プログラミング
プログラミング_32,https://web-camp.io/magazine/archives/4368,https://msp.c.yimg.jp/images/v2/FUTi93tXq405grZVGgDqG6G5iwy_WPkPPE70H8VL32fJBFh5ICm3zzh-5U87JXoUgcjldUyeQ0DxEyIJi9SXrIPj4fTGPaO1s3AcqM_SxYbjunnWDZdToReBuLDid6f0x9aobJTe_PrjcfmNfn7idlJRhVew5sq8s8ZA5Yg347MyZnNEdiOtYSGUogUc1FfvMro5GnM9_s4WkPjSf8zf7MtHIBNcBJSWnjXMENmNoORi8uHxEpYDdd1ntyvQ0Km8DnvUjlRYbhpOm6Y3bTkpoBM0U5_w8k-YaZcORNr70tFGom7opANiddzz-Q48UedsjPT6R0qFMrW8bMELt_zBQA==/e0c88ab1d816763ddb452573c76bf452.png,プログラミングでこんな仕事に就ける！【年収やできることを解説 ...
プログラミング_33,https://paiza.hatenablog.com/entry/2019/08/26/%E3%83%97%E3%83%AD%E3%82%B0%E3%83%A9%E3%83%9F%E3%83%B3%E3%82%B0%E5%88%9D%E5%BF%83%E8%80%85%E3%81%A7%E3%82%82%E7%B0%A1%E5%8D%98%E3%83%BBLinux%E3%81%A7%E3%82%B3%E3%83%9E%E3%83%B3%E3%83%89%E3%82%92%E8%87%AA,https://msp.c.yimg.jp/images/v2/FUTi93tXq405grZVGgDqG7EWq3gkaBV51Iq32TvAcGrFGJLYXPsvUcTXV7P3YYThZwu87gLpK7_7hD_Dhrd1QvM-VbgpwC1BDQLp8EfHAaddirVLNHq5rRhAVhfukeLtgKbFdKLnjYh1HR3j2eFbeIwQUr2uPRjssvIKp0lzNh5caPRnczZZkhb6Ym94bf9_VgYWEfpGpML-rV4VGTkkjS-v_qv4_yJesJY1YGK-6K3LPYaiWFDnDgCt8mYwHOM8rXtlr9p2afCkq4ShHrHpHtX1WWfel9hIslI8YIDsokLfZQoeTrl4eraK3Pf1Wf9C/20190717105101.png,プログラミング初心者でも簡単・Linuxでコマンドを自作する方法 ...
プログラミング_34,https://progra.org/blog/75/,https://msp.c.yimg.jp/images/v2/FUTi93tXq405grZVGgDqG1DOCoFdjj0tRkJuk0LWNmbqa8deHeZDz8xzNwfQTSgopZ8JqHpGMWTNJ89v2K-iqjuZbbNYSbESwOhbMkweq8sggfheT3VZvQQXUlSp7XonFW8qCg9JccEDAkW7qgTayoAgOERmond4rce8jpRphSmrlg_CZut-1eRwx49pFTf50Ff0_kdxX0WewyKm2VtFmbQglQTrJfBrDbycvsCsD7fWPy6fK6EhevOjKseoolhn0fauetMPTq2Z4XF0VIJjsg==/50170017907_66c5cae3bc_b.jpg,Scratchのその先は？プログラミング言語かマークアップ言語か ...
プログラミング_35,https://dena.com/jp/press/4382/,https://msp.c.yimg.jp/images/v2/FUTi93tXq405grZVGgDqGzByUtZZhdRCP1E6tSYTFqryGreEIePF7rLC-HBNXJnX6oDGQSclErxlvJOBY40xtYDXMOFONYo0KEx17LXHkhx70JO_Zzq3Hf67JOpTEqt1T2V2YYvQW1I471TKZbk53VCRmKv_xKjYlxv_XfsE_k7PJQVfe0n_YVs5FK58NEAWoXAtSgGV-lyT6U6aV2P_xgz9APU_6jtg-AVSN-fy47F6vwc75HIhAVYK-8KjS7mqjn8FPZkpkGpvNv1QLRhQM315xnrCjml3ol2cJezMiWJK-IM4iBfdj_kxH6dm34PaFNBBvNDSnhxpaTJpIQuj3g==/3054-4tnx1pgUlasqkkx.png,プログラミング学習アプリ「プログラミングゼミ」で本格的な ...
プログラミング_36,https://www.dsp.co.jp/tocreator/engineer/career-engineer/programming_qualification/,https://msp.c.yimg.jp/images/v2/FUTi93tXq405grZVGgDqGzOKZF6fucsIB7EFZa7mA7bly2i1bBVzLGGELSyHBMKly4iZTldufLUyozbcCsSNUXUJBRM38RmxvkjS6CcQwYouky4E50QJT5m6HWOcubUooGprESzD9AGdnS2GzC-t3l5AIkF5ufravNJxcETSXVQyZnNEdiOtYSGUogUc1FfvMro5GnM9_s4WkPjSf8zf7MtHIBNcBJSWnjXMENmNoOSSNrCjQEQMLKcKhMYFa9QYakWnUtZDQmE6fxv_Xsv4N_BAQ4ReQ2bNKXP3CcUXh4x3twVtrwZnVKAzUZm3ouBW8o6zQcPYl1uIAxkvjQDVUg==/programming_-qualifications_1.jpg,プログラミングの資格一覧！言語の種類や職種別に必要な言語など ...
プログラミング_37,https://www.bunkyodo.co.jp/educational-services/hallo/,https://msp.c.yimg.jp/images/v2/FUTi93tXq405grZVGgDqG4ImkUjQHmlM3UcgWQuQMDsp8OxNyhvf6AUISgME99YZDpsIS3dI_-ii-2KfeLIIdQhXiSu9u_wUcvze6GbGIr0CFWr8f4m4l_xyF7h7y75sKayhWRTq55VQrh1TnLcMWOzPMJtkQ1PNr5iBTdT7-EWFbFqaVzd9RVCmD05WOvPtFDHRXu1-6NOyi5Cqr4mD4hpO2daJUW8yZ49BGN7xxmPXNcvwjPfPzgypTqhZLCpUnKFIbmK_JveROHymBXuzIcNw3pflSXZdpwiToQD2VJgBvAOH7QRVERc-FZaw0hsl/s3_img1.jpg,プログラミング教室HALLO - 文教堂 -BUNKYODO- 公式サイト
プログラミング_38,https://kids-switch.jp/,https://msp.c.yimg.jp/images/v2/FUTi93tXq405grZVGgDqG4I928wZiJvkzW3LkyGHTi3dgndIccIGvjT_Ae8w0Lclc1OKIr75r3DzA_WGARUGZW-isUagZEM_BKJnRZoKs4WB5YByNuyi3zA5bSlgPlIvpN4KhmNfM39eXTuy-Ic3WXLcTdqSVSsIZXoYyf16iviAQoZS0yY8OiztkD6wFCZDpp4QeLJJv_8FCsuGuzwPF6DwLtWor8vl9ORLFPI_f3hTMqxaVejT383va5Z72sM2MEgm7lbpKauYMma-psEI6fl4FQ2ybd4J4q7I54biJoOZpUdHDc3K9aqNOEbmY6C_8o6zQcPYl1uIAxkvjQDVUg==/course_guide_img1.png,小学生のプログラミングスクールをお探しなら「プログラミング ...
プログラミング_39,https://exidea.co.jp/blog/study/it-skills/programming-gengo-osusume/,https://msp.c.yimg.jp/images/v2/FUTi93tXq405grZVGgDqG7lDE1hBefroz4GYxkJ_RP8E13jKCHOgyB1I3CiURDZL5b9UG-chcGcHJnagxcbw3V4iT_ioeCP8xzR_mDFW1JL2k7ADs9LItF9iuJPhfiYDpVDgfpzU6rDtoofunzq_giwBw-SQo6YlDkzg7nnPxwFKs4hvviELvfkA9NDByHnvucgZe8vldveQF3fTpm0k3wh0-Dzj0s7ml8yFEGE199IUmdC53Ry_K01kVVUdE50bqXbCk5uNUlTV-cyM9vSHb0yBaOc1iytTs_siaNYSaWxffgdLUmxAG_Qt_HaDg1QD/programming-gengo-2022.jpg,2022年に学習をおすすめしたい人気プログラミング言語ランキング ...
プログラミング_40,https://nnn.ed.jp/course/online_coaching/programming/,https://msp.c.yimg.jp/images/v2/FUTi93tXq405grZVGgDqG9oYn7LZ8WIPkkopEY510HT7q_ns1yfQFgkBdmyQZ7qW1n04xaeC68SIWDT2lurSmO3W4OJonLO3Dg0e35p5d0KW0IXqt5e07EkJPC4Gbfo07M8wm2RDU82vmIFN1Pv4RYVsWppXN31FUKYPTlY68-0UMdFe7X7o07KLkKqviYPiGk7Z1olRbzJnj0EY3vHGY8iYihMjybdXU9Yrv3JzrvUjzo0UXQnxSM0M2PVqBy9AVlUbVEBhmwbPrzOnYqxGF3329NcyxpGER9lcl-ZwY0Q=/img_06.jpg,オンラインコーチング プログラミング科 | N高等学校・S高等学校 ...
